2hewF,   12,P,128  ,0,0,1,0,0,1
2hewF,   13,P,128  ,0,0,1,0,0,1
2hewF,   14,I,128  ,0,0,1,0,0,1
2hewF,   15,Q,128  ,0,1,0,0,0,1
2hewF,   16,R,128  ,0,1,0,0,1,0
2hewF,   17,L,128  ,0,1,0,0,1,0
2hewF,   18,R,128  ,0,1,0,0,1,0
2hewF,   19,G,128  ,0,1,0,0,1,0
2hewF,   20,A,128  ,0,1,0,0,1,0
2hewF,   21,V,128  ,0,1,0,0,1,0
2hewF,   22,T,128  ,0,1,0,0,1,0
2hewF,   23,R,128  ,0,1,0,0,1,0
2hewF,   24,C,128  ,0,1,0,0,1,0
2hewF,   25,E,128  ,0,1,0,0,1,0
2hewF,   26,D,128  ,0,0,1,0,0,1
2hewF,   27,G,128  ,0,0,1,0,0,1
2hewF,   28,Q,128  ,0,1,0,0,1,0
2hewF,   29,L,128  ,0,1,0,0,1,0
2hewF,   30,F,128  ,0,1,0,0,1,0
2hewF,   31,I,128  ,0,1,0,0,1,0
2hewF,   32,S,128  ,0,1,0,0,1,0
2hewF,   33,S,128  ,0,1,0,0,0,1
2hewF,   34,Y,128  ,0,0,1,0,0,1
2hewF,   35,K,128  ,0,0,1,0,0,1
2hewF,   36,N,128  ,0,0,1,0,0,1
2hewF,   37,E,128  ,0,0,1,0,0,1
2hewF,   38,Y,128  ,0,0,1,0,0,1
2hewF,   39,Q,128  ,0,1,0,0,0,1
2hewF,   40,T,128  ,0,1,0,0,0,1
2hewF,   41,M,128  ,0,0,1,0,0,1
2hewF,   42,E,128  ,0,0,1,0,1,0
2hewF,   43,V,128  ,0,1,0,0,1,0
2hewF,   44,Q,128  ,0,1,0,0,1,0
2hewF,   45,N,128  ,0,0,1,0,0,1
2hewF,   46,N,128  ,0,0,1,0,0,1
2hewF,   47,S,128  ,0,1,0,0,1,0
2hewF,   48,V,128  ,0,1,0,0,1,0
2hewF,   49,V,128  ,0,1,0,0,1,0
2hewF,   50,I,128  ,0,0,1,0,1,0
2hewF,   51,K,128  ,0,0,1,0,0,1
2hewF,   52,C,128  ,0,1,0,0,0,1
2hewF,   53,D,128  ,0,1,0,0,0,1
2hewF,   54,G,128  ,0,0,1,0,1,0
2hewF,   55,L,128  ,0,1,0,0,1,0
2hewF,   56,Y,128  ,0,1,0,0,1,0
2hewF,   57,I,128  ,0,1,0,0,1,0
2hewF,   58,I,128  ,0,1,0,0,1,0
2hewF,   59,Y,128  ,0,1,0,0,1,0
2hewF,   60,L,128  ,0,1,0,0,1,0
2hewF,   61,K,128  ,0,1,0,0,1,0
2hewF,   62,G,128  ,0,1,0,0,1,0
2hewF,   63,S,128  ,0,1,0,0,1,0
2hewF,   64,F,128  ,0,1,0,0,1,0
2hewF,   65,F,128  ,0,1,0,0,0,1
2hewF,   66,Q,128  ,0,0,1,0,0,1
2hewF,   67,E,128  ,0,0,1,0,0,1
2hewF,   68,V,128  ,0,0,1,0,0,1
2hewF,   69,K,128  ,0,1,0,0,0,1
2hewF,   70,I,128  ,0,1,0,0,1,0
2hewF,   71,D,128  ,0,1,0,0,1,0
2hewF,   72,L,128  ,0,1,0,0,1,0
2hewF,   73,H,128  ,0,1,0,0,1,0
2hewF,   74,F,128  ,0,1,0,0,0,1
2hewF,   75,R,128  ,0,0,1,0,0,1
2hewF,   76,E,128  ,0,0,1,0,0,1
2hewF,   77,D,128  ,1,0,0,0,0,1
2hewF,   78,H,128  ,1,0,0,0,0,1
2hewF,   79,N,128  ,0,0,1,0,0,1
2hewF,   80,P,128  ,0,0,1,0,0,1
2hewF,   81,I,128  ,0,1,0,0,1,0
2hewF,   82,S,128  ,0,1,0,0,1,0
2hewF,   83,I,128  ,0,1,0,0,1,0
2hewF,   84,P,128  ,0,0,1,0,0,1
2hewF,   85,M,128  ,0,0,1,0,0,1
2hewF,   86,L,128  ,0,0,1,0,0,1
2hewF,   87,N,128  ,0,0,1,0,0,1
2hewF,   88,D,128  ,0,0,1,0,0,1
2hewF,   89,G,128  ,0,0,1,0,0,1
2hewF,   90,R,128  ,0,1,0,0,0,1
2hewF,   91,R,128  ,0,1,0,0,1,0
2hewF,   92,I,128  ,0,1,0,0,1,0
2hewF,   93,V,128  ,0,1,0,0,1,0
2hewF,   94,F,128  ,0,1,0,0,1,0
2hewF,   95,T,128  ,0,1,0,0,1,0
2hewF,   96,V,128  ,0,1,0,0,1,0
2hewF,   97,V,128  ,0,1,0,0,1,0
2hewF,   98,A,128  ,0,1,0,0,1,0
2hewF,   99,S,128  ,0,1,0,0,1,0
2hewF,  100,L,128  ,0,1,0,0,1,0
2hewF,  101,A,128  ,0,1,0,0,0,1
2hewF,  102,F,128  ,0,0,1,0,0,1
2hewF,  103,K,128  ,0,0,1,0,0,1
2hewF,  104,D,128  ,0,1,0,0,1,0
2hewF,  105,K,128  ,0,1,0,0,1,0
2hewF,  106,V,128  ,0,1,0,0,1,0
2hewF,  107,Y,128  ,0,1,0,0,1,0
2hewF,  108,L,128  ,0,1,0,0,1,0
2hewF,  109,T,128  ,0,1,0,0,1,0
2hewF,  110,V,128  ,0,1,0,0,1,0
2hewF,  111,N,128  ,0,1,0,0,0,1
2hewF,  112,A,128  ,0,0,1,0,0,1
2hewF,  113,P,128  ,1,0,0,0,0,1
2hewF,  114,D,128  ,1,0,0,1,0,0
2hewF,  115,T,128  ,1,0,0,1,0,0
2hewF,  116,L,128  ,1,0,0,1,0,0
2hewF,  117,C,128  ,1,0,0,1,0,0
2hewF,  118,E,128  ,1,0,0,1,0,0
2hewF,  119,H,128  ,1,0,0,1,0,0
2hewF,  120,L,128  ,0,0,1,0,0,1
2hewF,  121,Q,128  ,0,0,1,0,0,1
2hewF,  122,I,128  ,0,1,0,0,1,0
2hewF,  123,N,128  ,0,1,0,0,1,0
2hewF,  124,D,128  ,0,1,0,0,1,0
2hewF,  125,G,128  ,0,1,0,0,1,0
2hewF,  126,E,128  ,0,1,0,0,1,0
2hewF,  127,L,128  ,0,1,0,0,1,0
2hewF,  128,I,128  ,0,1,0,0,1,0
2hewF,  129,V,128  ,0,1,0,0,1,0
2hewF,  130,V,128  ,0,1,0,0,1,0
2hewF,  131,Q,128  ,0,1,0,0,1,0
2hewF,  132,L,128  ,0,1,0,0,0,1
2hewF,  133,T,128  ,0,0,1,0,0,1
2hewF,  134,P,128  ,0,1,0,0,0,1
2hewF,  135,G,128  ,0,1,0,0,0,1
2hewF,  136,Y,128  ,0,1,0,0,0,1
2hewF,  137,C,128  ,0,1,0,0,0,1
2hewF,  138,A,128  ,0,1,0,0,0,1
2hewF,  139,P,128  ,0,0,1,0,0,1
2y71A,    3,L,138  ,0,1,0,0,0,1
2y71A,    4,I,138  ,0,1,0,0,1,0
2y71A,    5,V,138  ,0,1,0,0,1,0
2y71A,    6,N,138  ,0,1,0,0,1,0
2y71A,    7,V,138  ,0,1,0,0,1,0
2y71A,    8,I,138  ,0,1,0,0,1,0
2y71A,    9,N,138  ,0,1,0,0,1,0
2y71A,   10,G,138  ,0,1,0,0,0,1
2y71A,   11,P,138  ,0,0,1,0,0,1
2y71A,   12,N,138  ,0,0,1,0,0,1
2y71A,   13,L,138  ,1,0,0,1,0,0
2y71A,   14,G,138  ,1,0,0,1,0,0
2y71A,   15,R,138  ,1,0,0,1,0,0
2y71A,   16,L,138  ,1,0,0,0,0,1
2y71A,   17,G,138  ,0,0,1,0,0,1
2y71A,   21,P,138  ,0,0,1,0,0,1
2y71A,   22,A,138  ,0,0,1,0,0,1
2y71A,   23,V,138  ,0,0,1,0,0,1
2y71A,   24,Y,138  ,0,0,1,0,0,1
2y71A,   25,G,138  ,0,0,1,0,0,1
2y71A,   26,G,138  ,0,0,1,0,0,1
2y71A,   27,T,138  ,0,0,1,0,0,1
2y71A,   28,T,138  ,1,0,0,0,0,1
2y71A,   29,H,138  ,1,0,0,1,0,0
2y71A,   30,D,138  ,1,0,0,1,0,0
2y71A,   31,E,138  ,1,0,0,1,0,0
2y71A,   32,L,138  ,1,0,0,1,0,0
2y71A,   33,V,138  ,1,0,0,1,0,0
2y71A,   34,A,138  ,1,0,0,1,0,0
2y71A,   35,L,138  ,1,0,0,1,0,0
2y71A,   36,I,138  ,1,0,0,1,0,0
2y71A,   37,E,138  ,1,0,0,1,0,0
2y71A,   38,R,138  ,1,0,0,1,0,0
2y71A,   39,E,138  ,1,0,0,1,0,0
2y71A,   40,A,138  ,1,0,0,1,0,0
2y71A,   41,A,138  ,1,0,0,1,0,0
2y71A,   42,E,138  ,1,0,0,1,0,0
2y71A,   43,L,138  ,1,0,0,1,0,0
2y71A,   44,G,138  ,0,0,1,0,0,1
2y71A,   45,L,138  ,0,0,1,0,0,1
2y71A,   46,K,138  ,0,1,0,0,1,0
2y71A,   47,A,138  ,0,1,0,0,1,0
2y71A,   48,V,138  ,0,1,0,0,1,0
2y71A,   49,V,138  ,0,1,0,0,1,0
2y71A,   50,R,138  ,0,1,0,0,1,0
2y71A,   51,Q,138  ,0,1,0,0,1,0
2y71A,   52,S,138  ,0,1,0,0,0,1
2y71A,   53,D,138  ,0,0,1,0,0,1
2y71A,   54,S,138  ,0,0,1,0,0,1
2y71A,   55,E,138  ,1,0,0,1,0,0
2y71A,   56,A,138  ,1,0,0,1,0,0
2y71A,   57,Q,138  ,1,0,0,1,0,0
2y71A,   58,L,138  ,1,0,0,1,0,0
2y71A,   59,L,138  ,1,0,0,1,0,0
2y71A,   60,D,138  ,1,0,0,1,0,0
2y71A,   61,W,138  ,1,0,0,1,0,0
2y71A,   62,I,138  ,1,0,0,1,0,0
2y71A,   63,H,138  ,1,0,0,1,0,0
2y71A,   64,Q,138  ,1,0,0,1,0,0
2y71A,   65,A,138  ,1,0,0,1,0,0
2y71A,   66,A,138  ,1,0,0,1,0,0
2y71A,   67,D,138  ,1,0,0,1,0,0
2y71A,   68,A,138  ,0,0,1,1,0,0
2y71A,   69,A,138  ,1,0,0,0,0,1
2y71A,   70,E,138  ,0,1,0,0,0,1
2y71A,   71,P,138  ,0,1,0,0,0,1
2y71A,   72,V,138  ,0,1,0,0,1,0
2y71A,   73,I,138  ,0,1,0,0,1,0
2y71A,   74,L,138  ,0,1,0,0,1,0
2y71A,   75,N,138  ,0,1,0,0,1,0
2y71A,   76,A,138  ,0,0,1,0,0,1
2y71A,   77,G,138  ,0,0,1,1,0,0
2y71A,   78,G,138  ,0,0,1,1,0,0
2y71A,   79,L,138  ,1,0,0,1,0,0
2y71A,   80,T,138  ,1,0,0,1,0,0
2y71A,   81,H,138  ,1,0,0,1,0,0
2y71A,   82,T,138  ,0,0,1,0,0,1
2y71A,   83,S,138  ,1,0,0,0,0,1
2y71A,   84,V,138  ,1,0,0,1,0,0
2y71A,   85,A,138  ,1,0,0,1,0,0
2y71A,   86,L,138  ,1,0,0,1,0,0
2y71A,   87,R,138  ,1,0,0,1,0,0
2y71A,   88,D,138  ,1,0,0,1,0,0
2y71A,   89,A,138  ,1,0,0,1,0,0
2y71A,   90,C,138  ,1,0,0,1,0,0
2y71A,   91,A,138  ,1,0,0,1,0,0
2y71A,   92,E,138  ,1,0,0,1,0,0
2y71A,   93,L,138  ,0,0,1,0,0,1
2y71A,   94,S,138  ,0,0,1,0,0,1
2y71A,   95,A,138  ,0,1,0,0,0,1
2y71A,   96,P,138  ,0,1,0,0,0,1
2y71A,   97,L,138  ,0,1,0,0,1,0
2y71A,   98,I,138  ,0,1,0,0,1,0
2y71A,   99,E,138  ,0,1,0,0,1,0
2y71A,  100,V,138  ,0,1,0,0,1,0
2y71A,  101,H,138  ,0,1,0,0,1,0
2y71A,  102,I,138  ,0,1,0,0,0,1
2y71A,  103,S,138  ,0,0,1,0,0,1
2y71A,  104,N,138  ,1,0,0,0,0,1
2y71A,  105,V,138  ,1,0,0,1,0,0
2y71A,  106,H,138  ,1,0,0,1,0,0
2y71A,  107,A,138  ,1,0,0,1,0,0
2y71A,  108,R,138  ,0,0,1,0,0,1
2y71A,  109,E,138  ,1,0,0,0,0,1
2y71A,  110,E,138  ,1,0,0,1,0,0
2y71A,  111,F,138  ,1,0,0,1,0,0
2y71A,  112,R,138  ,1,0,0,1,0,0
2y71A,  113,R,138  ,1,0,0,1,0,0
2y71A,  114,H,138  ,0,0,1,0,0,1
2y71A,  115,S,138  ,1,0,0,0,0,1
2y71A,  116,Y,138  ,1,0,0,0,0,1
2y71A,  117,L,138  ,1,0,0,0,0,1
2y71A,  118,S,138  ,1,0,0,1,0,0
2y71A,  119,P,138  ,1,0,0,1,0,0
2y71A,  120,I,138  ,1,0,0,1,0,0
2y71A,  121,A,138  ,0,0,1,0,0,1
2y71A,  122,T,138  ,0,0,1,0,0,1
2y71A,  123,G,138  ,0,1,0,0,1,0
2y71A,  124,V,138  ,0,1,0,0,1,0
2y71A,  125,I,138  ,0,1,0,0,1,0
2y71A,  126,V,138  ,0,1,0,0,1,0
2y71A,  127,G,138  ,0,0,1,0,0,1
2y71A,  128,L,138  ,0,0,1,0,0,1
2y71A,  129,G,138  ,1,0,0,0,0,1
2y71A,  130,I,138  ,1,0,0,1,0,0
2y71A,  131,Q,138  ,1,0,0,1,0,0
2y71A,  132,G,138  ,1,0,0,1,0,0
2y71A,  133,Y,138  ,1,0,0,1,0,0
2y71A,  134,L,138  ,1,0,0,1,0,0
2y71A,  135,L,138  ,1,0,0,1,0,0
2y71A,  136,A,138  ,1,0,0,1,0,0
2y71A,  137,L,138  ,1,0,0,1,0,0
2y71A,  138,R,138  ,1,0,0,1,0,0
2y71A,  139,Y,138  ,1,0,0,1,0,0
2y71A,  140,L,138  ,1,0,0,1,0,0
2y71A,  141,A,138  ,1,0,0,1,0,0
2y71A,  142,E,138  ,1,0,0,1,0,0
2y71A,  143,H,138  ,1,0,0,0,0,1
3g9rA,    1,E,42   ,1,0,0,1,0,0
3g9rA,    2,L,42   ,1,0,0,1,0,0
3g9rA,    3,D,42   ,1,0,0,1,0,0
3g9rA,    4,K,42   ,1,0,0,1,0,0
3g9rA,    5,W,42   ,1,0,0,1,0,0
3g9rA,    6,A,42   ,1,0,0,1,0,0
3g9rA,    7,S,42   ,1,0,0,1,0,0
3g9rA,    8,L,42   ,1,0,0,1,0,0
3g9rA,    9,W,42   ,1,0,0,1,0,0
3g9rA,   10,N,42   ,1,0,0,1,0,0
3g9rA,   11,W,42   ,1,0,0,1,0,0
3g9rA,   12,F,42   ,1,0,0,1,0,0
3g9rA,   13,N,42   ,1,0,0,1,0,0
3g9rA,   14,I,42   ,1,0,0,1,0,0
3g9rA,   15,T,42   ,1,0,0,1,0,0
3g9rA,   16,N,42   ,1,0,0,1,0,0
3g9rA,   17,W,42   ,1,0,0,1,0,0
3g9rA,   18,L,42   ,1,0,0,1,0,0
3g9rA,   19,W,42   ,1,0,0,1,0,0
3g9rA,   20,Y,42   ,1,0,0,1,0,0
3g9rA,   21,I,42   ,1,0,0,1,0,0
3g9rA,   22,K,42   ,1,0,0,1,0,0
3g9rA,   23,I,42   ,1,0,0,1,0,0
3g9rA,   24,E,42   ,1,0,0,1,0,0
3g9rA,   25,E,42   ,1,0,0,1,0,0
3g9rA,   26,L,42   ,1,0,0,1,0,0
3g9rA,   27,K,42   ,1,0,0,1,0,0
3g9rA,   28,S,42   ,1,0,0,1,0,0
3g9rA,   29,K,42   ,1,0,0,1,0,0
3g9rA,   30,I,42   ,1,0,0,1,0,0
3g9rA,   31,K,42   ,1,0,0,1,0,0
3g9rA,   32,R,42   ,1,0,0,1,0,0
3g9rA,   33,I,42   ,1,0,0,1,0,0
3g9rA,   34,E,42   ,1,0,0,1,0,0
3g9rA,   35,N,42   ,1,0,0,1,0,0
3g9rA,   36,E,42   ,1,0,0,1,0,0
3g9rA,   37,I,42   ,1,0,0,1,0,0
3g9rA,   38,K,42   ,1,0,0,1,0,0
3g9rA,   39,R,42   ,1,0,0,1,0,0
3g9rA,   40,I,42   ,1,0,0,1,0,0
3g9rA,   41,K,42   ,1,0,0,1,0,0
3g9rA,   42,K,42   ,1,0,0,0,0,1
3g8yA,    1,G,391  ,0,0,1,0,0,1
3g8yA,    2,Y,391  ,0,0,1,0,0,1
3g8yA,    3,Q,391  ,1,0,0,0,0,1
3g8yA,    4,P,391  ,1,0,0,1,0,0
3g8yA,    5,E,391  ,1,0,0,1,0,0
3g8yA,    6,K,391  ,1,0,0,1,0,0
3g8yA,    7,H,391  ,1,0,0,1,0,0
3g8yA,    8,A,391  ,1,0,0,0,0,1
3g8yA,    9,V,391  ,1,0,0,0,0,1
3g8yA,   10,V,391  ,1,0,0,0,0,1
3g8yA,   11,K,391  ,0,0,1,0,0,1
3g8yA,   12,S,391  ,0,0,1,0,0,1
3g8yA,   13,D,391  ,0,0,1,0,0,1
3g8yA,   14,R,391  ,0,0,1,0,0,1
3g8yA,   15,G,391  ,0,0,1,0,0,1
3g8yA,   16,D,391  ,0,0,1,0,0,1
3g8yA,   17,G,391  ,0,0,1,0,0,1
3g8yA,   18,R,391  ,0,0,1,0,0,1
3g8yA,   19,L,391  ,0,0,1,0,0,1
3g8yA,   20,L,391  ,0,0,1,0,0,1
3g8yA,   21,S,391  ,1,0,0,0,0,1
3g8yA,   22,T,391  ,1,0,0,1,0,0
3g8yA,   23,Y,391  ,1,0,0,1,0,0
3g8yA,   24,A,391  ,1,0,0,1,0,0
3g8yA,   25,I,391  ,1,0,0,1,0,0
3g8yA,   26,V,391  ,1,0,0,1,0,0
3g8yA,   27,H,391  ,1,0,0,1,0,0
3g8yA,   28,E,391  ,1,0,0,1,0,0
3g8yA,   29,M,391  ,1,0,0,1,0,0
3g8yA,   30,L,391  ,1,0,0,1,0,0
3g8yA,   31,K,391  ,1,0,0,1,0,0
3g8yA,   32,D,391  ,1,0,0,1,0,0
3g8yA,   33,T,391  ,1,0,0,0,0,1
3g8yA,   34,H,391  ,0,0,1,0,0,1
3g8yA,   35,P,391  ,0,0,1,0,0,1
3g8yA,   36,Q,391  ,0,1,0,0,0,1
3g8yA,   37,Y,391  ,0,1,0,0,0,1
3g8yA,   38,A,391  ,0,0,1,0,0,1
3g8yA,   39,Y,391  ,0,0,1,0,0,1
3g8yA,   40,R,391  ,0,0,1,0,0,1
3g8yA,   41,S,391  ,0,0,1,0,0,1
3g8yA,   42,G,391  ,0,0,1,0,0,1
3g8yA,   43,M,391  ,0,0,1,0,0,1
3g8yA,   44,S,391  ,1,0,0,0,0,1
3g8yA,   45,A,391  ,1,0,0,1,0,0
3g8yA,   46,Q,391  ,1,0,0,1,0,0
3g8yA,   47,E,391  ,1,0,0,1,0,0
3g8yA,   48,F,391  ,1,0,0,1,0,0
3g8yA,   49,T,391  ,1,0,0,1,0,0
3g8yA,   50,Q,391  ,1,0,0,1,0,0
3g8yA,   51,W,391  ,1,0,0,1,0,0
3g8yA,   52,Q,391  ,1,0,0,1,0,0
3g8yA,   53,D,391  ,1,0,0,1,0,0
3g8yA,   54,G,391  ,1,0,0,1,0,0
3g8yA,   55,V,391  ,1,0,0,1,0,0
3g8yA,   56,R,391  ,1,0,0,1,0,0
3g8yA,   57,A,391  ,1,0,0,1,0,0
3g8yA,   58,A,391  ,1,0,0,1,0,0
3g8yA,   59,M,391  ,1,0,0,1,0,0
3g8yA,   60,V,391  ,1,0,0,1,0,0
3g8yA,   61,E,391  ,1,0,0,1,0,0
3g8yA,   62,I,391  ,1,0,0,1,0,0
3g8yA,   63,M,391  ,1,0,0,1,0,0
3g8yA,   64,K,391  ,1,0,0,0,0,1
3g8yA,   65,F,391  ,0,0,1,0,0,1
3g8yA,   66,P,391  ,0,0,1,0,0,1
3g8yA,   67,E,391  ,0,0,1,0,0,1
3g8yA,   68,I,391  ,0,0,1,0,0,1
3g8yA,   69,K,391  ,0,0,1,0,0,1
3g8yA,   70,R,391  ,0,0,1,0,0,1
3g8yA,   71,Q,391  ,0,0,1,0,0,1
3g8yA,   72,P,391  ,0,0,1,0,0,1
3g8yA,   73,S,391  ,0,0,1,0,0,1
3g8yA,   74,P,391  ,0,1,0,0,0,1
3g8yA,   75,V,391  ,0,1,0,0,1,0
3g8yA,   76,C,391  ,0,1,0,0,1,0
3g8yA,   77,V,391  ,0,1,0,0,1,0
3g8yA,   78,K,391  ,0,1,0,0,1,0
3g8yA,   79,T,391  ,0,1,0,0,1,0
3g8yA,   80,E,391  ,0,1,0,0,1,0
3g8yA,   81,K,391  ,0,1,0,0,1,0
3g8yA,   82,K,391  ,0,1,0,0,1,0
3g8yA,   83,E,391  ,0,0,1,0,0,1
3g8yA,   84,G,391  ,0,0,1,0,0,1
3g8yA,   85,Y,391  ,0,1,0,0,1,0
3g8yA,   86,I,391  ,0,1,0,0,1,0
3g8yA,   87,L,391  ,0,1,0,0,1,0
3g8yA,   88,E,391  ,0,1,0,0,1,0
3g8yA,   89,K,391  ,0,1,0,0,1,0
3g8yA,   90,W,391  ,0,1,0,0,1,0
3g8yA,   91,E,391  ,0,1,0,0,1,0
3g8yA,   92,F,391  ,0,1,0,0,1,0
3g8yA,   93,Y,391  ,0,1,0,0,1,0
3g8yA,   94,P,391  ,0,1,0,0,1,0
3g8yA,   95,F,391  ,0,0,1,0,1,0
3g8yA,   96,P,391  ,0,0,1,0,0,1
3g8yA,   97,K,391  ,0,0,1,0,0,1
3g8yA,   98,S,391  ,0,1,0,0,1,0
3g8yA,   99,V,391  ,0,1,0,0,1,0
3g8yA,  100,S,391  ,0,1,0,0,1,0
3g8yA,  101,T,391  ,0,1,0,0,1,0
3g8yA,  102,F,391  ,0,1,0,0,1,0
3g8yA,  103,L,391  ,0,1,0,0,1,0
3g8yA,  104,V,391  ,0,1,0,0,1,0
3g8yA,  105,L,391  ,0,1,0,0,1,0
3g8yA,  106,K,391  ,0,1,0,0,1,0
3g8yA,  107,P,391  ,0,1,0,0,1,0
3g8yA,  108,E,391  ,0,1,0,0,0,1
3g8yA,  109,H,391  ,0,0,1,0,0,1
3g8yA,  110,L,391  ,0,0,1,0,0,1
3g8yA,  111,K,391  ,0,0,1,0,0,1
3g8yA,  112,G,391  ,0,0,1,0,0,1
3g8yA,  113,A,391  ,0,0,1,0,0,1
3g8yA,  114,V,391  ,0,0,1,0,1,0
3g8yA,  115,P,391  ,0,1,0,0,1,0
3g8yA,  116,G,391  ,0,1,0,0,1,0
3g8yA,  117,V,391  ,0,1,0,0,1,0
3g8yA,  118,L,391  ,0,1,0,0,1,0
3g8yA,  119,C,391  ,0,1,0,0,1,0
3g8yA,  120,I,391  ,0,1,0,0,1,0
3g8yA,  121,P,391  ,0,1,0,0,0,1
3g8yA,  122,G,391  ,0,1,0,0,0,1
3g8yA,  123,S,391  ,0,0,1,0,0,1
3g8yA,  124,G,391  ,0,0,1,0,0,1
3g8yA,  125,R,391  ,0,1,0,0,0,1
3g8yA,  126,T,391  ,0,0,1,0,0,1
3g8yA,  127,K,391  ,0,0,1,1,0,0
3g8yA,  128,E,391  ,1,0,0,1,0,0
3g8yA,  129,G,391  ,1,0,0,1,0,0
3g8yA,  130,L,391  ,1,0,0,1,0,0
3g8yA,  131,V,391  ,1,0,0,1,0,0
3g8yA,  132,G,391  ,1,0,0,0,0,1
3g8yA,  133,E,391  ,0,0,1,0,0,1
3g8yA,  134,P,391  ,0,0,1,0,0,1
3g8yA,  135,G,391  ,0,0,1,0,0,1
3g8yA,  136,I,391  ,0,0,1,0,0,1
3g8yA,  137,C,391  ,1,0,0,0,0,1
3g8yA,  138,D,391  ,1,0,0,1,0,0
3g8yA,  139,K,391  ,1,0,0,1,0,0
3g8yA,  140,L,391  ,1,0,0,1,0,0
3g8yA,  141,T,391  ,1,0,0,0,0,1
3g8yA,  142,E,391  ,0,0,1,0,0,1
3g8yA,  143,D,391  ,1,0,0,0,0,1
3g8yA,  144,Y,391  ,1,0,0,0,0,1
3g8yA,  145,N,391  ,1,0,0,0,0,1
3g8yA,  146,N,391  ,1,0,0,0,0,1
3g8yA,  147,P,391  ,1,0,0,0,0,1
3g8yA,  148,K,391  ,0,0,1,0,0,1
3g8yA,  149,V,391  ,0,0,1,0,0,1
3g8yA,  150,S,391  ,1,0,0,0,0,1
3g8yA,  151,M,391  ,1,0,0,1,0,0
3g8yA,  152,A,391  ,1,0,0,1,0,0
3g8yA,  153,L,391  ,1,0,0,1,0,0
3g8yA,  154,N,391  ,1,0,0,1,0,0
3g8yA,  155,M,391  ,1,0,0,1,0,0
3g8yA,  156,V,391  ,1,0,0,1,0,0
3g8yA,  157,K,391  ,1,0,0,1,0,0
3g8yA,  158,E,391  ,1,0,0,1,0,0
3g8yA,  159,G,391  ,0,0,1,0,0,1
3g8yA,  160,Y,391  ,0,0,1,0,0,1
3g8yA,  161,V,391  ,0,1,0,0,1,0
3g8yA,  162,A,391  ,0,1,0,0,1,0
3g8yA,  163,V,391  ,0,1,0,0,1,0
3g8yA,  164,A,391  ,0,1,0,0,1,0
3g8yA,  165,V,391  ,0,1,0,0,1,0
3g8yA,  166,D,391  ,0,0,1,0,0,1
3g8yA,  167,N,391  ,0,0,1,0,0,1
3g8yA,  168,A,391  ,0,0,1,0,0,1
3g8yA,  169,A,391  ,0,0,1,0,0,1
3g8yA,  170,A,391  ,1,0,0,0,0,1
3g8yA,  171,G,391  ,1,0,0,1,0,0
3g8yA,  172,E,391  ,1,0,0,1,0,0
3g8yA,  173,A,391  ,0,0,1,1,0,0
3g8yA,  174,S,391  ,1,0,0,0,0,1
3g8yA,  175,D,391  ,1,0,0,0,0,1
3g8yA,  176,L,391  ,1,0,0,0,0,1
3g8yA,  177,E,391  ,1,0,0,1,0,0
3g8yA,  178,C,391  ,1,0,0,1,0,0
3g8yA,  179,Y,391  ,1,0,0,1,0,0
3g8yA,  180,D,391  ,1,0,0,0,0,1
3g8yA,  181,K,391  ,1,0,0,0,0,1
3g8yA,  182,G,391  ,1,0,0,0,0,1
3g8yA,  183,W,391  ,0,0,1,0,0,1
3g8yA,  184,N,391  ,0,0,1,0,0,1
3g8yA,  185,Y,391  ,0,0,1,0,0,1
3g8yA,  186,D,391  ,1,0,0,0,0,1
3g8yA,  187,Y,391  ,1,0,0,1,0,0
3g8yA,  188,D,391  ,1,0,0,1,0,0
3g8yA,  189,V,391  ,1,0,0,1,0,0
3g8yA,  190,V,391  ,1,0,0,1,0,0
3g8yA,  191,S,391  ,1,0,0,1,0,0
3g8yA,  192,R,391  ,1,0,0,1,0,0
3g8yA,  193,F,391  ,1,0,0,1,0,0
3g8yA,  194,L,391  ,1,0,0,1,0,0
3g8yA,  195,L,391  ,1,0,0,1,0,0
3g8yA,  196,E,391  ,1,0,0,1,0,0
3g8yA,  197,L,391  ,1,0,0,1,0,0
3g8yA,  198,G,391  ,1,0,0,0,0,1
3g8yA,  199,W,391  ,0,0,1,0,0,1
3g8yA,  200,S,391  ,1,0,0,0,0,1
3g8yA,  201,W,391  ,1,0,0,1,0,0
3g8yA,  202,L,391  ,1,0,0,1,0,0
3g8yA,  203,G,391  ,1,0,0,1,0,0
3g8yA,  204,Y,391  ,1,0,0,1,0,0
3g8yA,  205,T,391  ,1,0,0,1,0,0
3g8yA,  206,S,391  ,1,0,0,1,0,0
3g8yA,  207,Y,391  ,1,0,0,1,0,0
3g8yA,  208,L,391  ,1,0,0,1,0,0
3g8yA,  209,D,391  ,1,0,0,1,0,0
3g8yA,  210,M,391  ,1,0,0,1,0,0
3g8yA,  211,Q,391  ,1,0,0,1,0,0
3g8yA,  212,V,391  ,1,0,0,1,0,0
3g8yA,  213,L,391  ,1,0,0,1,0,0
3g8yA,  214,N,391  ,1,0,0,1,0,0
3g8yA,  215,W,391  ,1,0,0,1,0,0
3g8yA,  216,M,391  ,1,0,0,1,0,0
3g8yA,  217,K,391  ,1,0,0,1,0,0
3g8yA,  218,A,391  ,0,0,1,0,0,1
3g8yA,  219,Q,391  ,1,0,0,0,0,1
3g8yA,  220,S,391  ,1,0,0,0,0,1
3g8yA,  221,Y,391  ,1,0,0,0,0,1
3g8yA,  222,I,391  ,1,0,0,0,1,0
3g8yA,  223,R,391  ,1,0,0,0,1,0
3g8yA,  224,K,391  ,0,0,1,0,1,0
3g8yA,  225,D,391  ,0,0,1,0,1,0
3g8yA,  226,R,391  ,0,1,0,0,1,0
3g8yA,  227,I,391  ,0,1,0,0,1,0
3g8yA,  228,V,391  ,0,1,0,0,1,0
3g8yA,  229,I,391  ,0,1,0,0,1,0
3g8yA,  230,S,391  ,0,1,0,0,1,0
3g8yA,  231,G,391  ,0,0,1,0,1,0
3g8yA,  232,F,391  ,0,1,0,0,1,0
3g8yA,  233,S,391  ,0,1,0,1,0,0
3g8yA,  234,L,391  ,0,0,1,1,0,0
3g8yA,  235,G,391  ,0,0,1,1,0,0
3g8yA,  236,T,391  ,1,0,0,1,0,0
3g8yA,  237,E,391  ,1,0,0,1,0,0
3g8yA,  238,P,391  ,1,0,0,1,0,0
3g8yA,  239,M,391  ,1,0,0,1,0,0
3g8yA,  240,M,391  ,1,0,0,1,0,0
3g8yA,  241,V,391  ,1,0,0,1,0,0
3g8yA,  242,L,391  ,1,0,0,1,0,0
3g8yA,  243,G,391  ,1,0,0,1,0,0
3g8yA,  244,V,391  ,1,0,0,1,0,0
3g8yA,  245,L,391  ,1,0,0,1,0,0
3g8yA,  246,D,391  ,1,0,0,0,0,1
3g8yA,  247,K,391  ,1,0,0,0,0,1
3g8yA,  248,D,391  ,0,0,1,0,0,1
3g8yA,  249,I,391  ,0,0,1,0,0,1
3g8yA,  250,Y,391  ,0,1,0,0,0,1
3g8yA,  251,A,391  ,0,1,0,0,1,0
3g8yA,  252,F,391  ,0,1,0,0,1,0
3g8yA,  253,V,391  ,0,1,0,0,1,0
3g8yA,  254,Y,391  ,0,0,1,0,1,0
3g8yA,  255,N,391  ,0,1,0,0,1,0
3g8yA,  256,D,391  ,0,0,1,0,0,1
3g8yA,  257,F,391  ,0,1,0,0,0,1
3g8yA,  258,L,391  ,0,1,0,0,0,1
3g8yA,  259,C,391  ,0,0,1,0,0,1
3g8yA,  260,Q,391  ,1,0,0,0,0,1
3g8yA,  261,T,391  ,1,0,0,1,0,0
3g8yA,  262,Q,391  ,1,0,0,1,0,0
3g8yA,  263,E,391  ,1,0,0,1,0,0
3g8yA,  264,R,391  ,1,0,0,1,0,0
3g8yA,  265,A,391  ,1,0,0,1,0,0
3g8yA,  266,V,391  ,1,0,0,1,0,0
3g8yA,  267,V,391  ,1,0,0,1,0,0
3g8yA,  268,M,391  ,1,0,0,0,0,1
3g8yA,  269,T,391  ,1,0,0,0,0,1
3g8yA,  270,K,391  ,0,0,1,0,0,1
3g8yA,  271,P,391  ,0,0,1,0,0,1
3g8yA,  272,D,391  ,0,0,1,0,0,1
3g8yA,  273,K,391  ,0,0,1,0,0,1
3g8yA,  274,E,391  ,0,0,1,0,0,1
3g8yA,  275,N,391  ,0,0,1,0,0,1
3g8yA,  276,R,391  ,0,0,1,0,0,1
3g8yA,  277,R,391  ,0,0,1,0,0,1
3g8yA,  278,P,391  ,0,0,1,0,0,1
3g8yA,  279,F,391  ,0,0,1,0,0,1
3g8yA,  280,P,391  ,0,0,1,0,0,1
3g8yA,  281,N,391  ,0,0,1,0,0,1
3g8yA,  282,S,391  ,1,0,0,0,0,1
3g8yA,  283,I,391  ,1,0,0,1,0,0
3g8yA,  284,R,391  ,1,0,0,1,0,0
3g8yA,  285,H,391  ,1,0,0,1,0,0
3g8yA,  286,L,391  ,1,0,0,0,0,1
3g8yA,  287,I,391  ,0,0,1,0,0,1
3g8yA,  288,P,391  ,0,0,1,0,0,1
3g8yA,  289,G,391  ,1,0,0,0,0,1
3g8yA,  290,Y,391  ,1,0,0,1,0,0
3g8yA,  291,W,391  ,0,0,1,1,0,0
3g8yA,  292,R,391  ,1,0,0,1,0,0
3g8yA,  293,Y,391  ,0,0,1,0,0,1
3g8yA,  294,F,391  ,0,0,1,0,0,1
3g8yA,  295,N,391  ,0,0,1,0,0,1
3g8yA,  296,F,391  ,1,0,0,1,0,0
3g8yA,  297,P,391  ,1,0,0,1,0,0
3g8yA,  298,D,391  ,1,0,0,1,0,0
3g8yA,  299,V,391  ,1,0,0,1,0,0
3g8yA,  300,V,391  ,1,0,0,1,0,0
3g8yA,  301,A,391  ,1,0,0,1,0,0
3g8yA,  302,S,391  ,1,0,0,1,0,0
3g8yA,  303,L,391  ,1,0,0,0,0,1
3g8yA,  304,A,391  ,1,0,0,0,0,1
3g8yA,  305,P,391  ,0,0,1,0,0,1
3g8yA,  306,R,391  ,0,1,0,0,0,1
3g8yA,  307,P,391  ,0,1,0,0,0,1
3g8yA,  308,I,391  ,0,1,0,0,1,0
3g8yA,  309,I,391  ,0,1,0,0,1,0
3g8yA,  310,F,391  ,0,0,1,0,1,0
3g8yA,  311,T,391  ,0,1,0,0,0,1
3g8yA,  312,E,391  ,0,0,1,0,0,1
3g8yA,  313,G,391  ,0,1,0,0,0,1
3g8yA,  314,G,391  ,0,0,1,0,0,1
3g8yA,  315,L,391  ,0,0,1,0,0,1
3g8yA,  316,D,391  ,1,0,0,1,0,0
3g8yA,  317,R,391  ,1,0,0,1,0,0
3g8yA,  318,D,391  ,1,0,0,1,0,0
3g8yA,  319,F,391  ,1,0,0,1,0,0
3g8yA,  320,R,391  ,1,0,0,1,0,0
3g8yA,  321,L,391  ,1,0,0,1,0,0
3g8yA,  322,V,391  ,1,0,0,1,0,0
3g8yA,  323,Q,391  ,1,0,0,1,0,0
3g8yA,  324,S,391  ,1,0,0,1,0,0
3g8yA,  325,A,391  ,1,0,0,1,0,0
3g8yA,  326,Y,391  ,1,0,0,1,0,0
3g8yA,  327,A,391  ,1,0,0,1,0,0
3g8yA,  328,A,391  ,1,0,0,1,0,0
3g8yA,  329,S,391  ,1,0,0,1,0,0
3g8yA,  330,G,391  ,0,0,1,0,0,1
3g8yA,  331,K,391  ,0,0,1,0,0,1
3g8yA,  332,P,391  ,1,0,0,1,0,0
3g8yA,  333,E,391  ,0,0,1,1,0,0
3g8yA,  334,N,391  ,1,0,0,1,0,0
3g8yA,  335,A,391  ,0,0,1,0,1,0
3g8yA,  336,E,391  ,0,1,0,0,1,0
3g8yA,  337,F,391  ,0,1,0,0,1,0
3g8yA,  338,H,391  ,0,1,0,0,0,1
3g8yA,  339,H,391  ,0,0,1,0,0,1
3g8yA,  340,Y,391  ,0,0,1,0,0,1
3g8yA,  341,P,391  ,1,0,0,1,0,0
3g8yA,  342,K,391  ,1,0,0,1,0,0
3g8yA,  343,F,391  ,1,0,0,1,0,0
3g8yA,  344,A,391  ,0,0,1,0,0,1
3g8yA,  345,D,391  ,1,0,0,0,0,1
3g8yA,  346,K,391  ,0,0,1,1,0,0
3g8yA,  347,A,391  ,1,0,0,1,0,0
3g8yA,  348,V,391  ,1,0,0,1,0,0
3g8yA,  349,R,391  ,1,0,0,0,0,1
3g8yA,  350,K,391  ,1,0,0,0,0,1
3g8yA,  351,D,391  ,0,0,1,0,0,1
3g8yA,  352,V,391  ,0,0,1,0,0,1
3g8yA,  353,E,391  ,0,0,1,0,0,1
3g8yA,  354,H,391  ,0,0,1,0,0,1
3g8yA,  355,L,391  ,0,0,1,0,0,1
3g8yA,  356,D,391  ,0,0,1,0,0,1
3g8yA,  357,E,391  ,0,0,1,0,0,1
3g8yA,  358,G,391  ,0,0,1,0,0,1
3g8yA,  359,L,391  ,0,0,1,0,0,1
3g8yA,  360,D,391  ,1,0,0,0,0,1
3g8yA,  361,S,391  ,1,0,0,1,0,0
3g8yA,  362,K,391  ,1,0,0,1,0,0
3g8yA,  363,T,391  ,1,0,0,1,0,0
3g8yA,  364,Y,391  ,1,0,0,1,0,0
3g8yA,  365,F,391  ,1,0,0,1,0,0
3g8yA,  366,E,391  ,1,0,0,1,0,0
3g8yA,  367,A,391  ,1,0,0,1,0,0
3g8yA,  368,V,391  ,1,0,0,1,0,0
3g8yA,  369,N,391  ,1,0,0,0,0,1
3g8yA,  370,V,391  ,0,0,1,0,0,1
3g8yA,  371,D,391  ,1,0,0,0,0,1
3g8yA,  372,P,391  ,1,0,0,1,0,0
3g8yA,  373,P,391  ,1,0,0,1,0,0
3g8yA,  374,S,391  ,1,0,0,1,0,0
3g8yA,  375,H,391  ,1,0,0,0,0,1
3g8yA,  376,Y,391  ,0,0,1,0,0,1
3g8yA,  377,F,391  ,0,0,1,0,0,1
3g8yA,  378,K,391  ,1,0,0,0,0,1
3g8yA,  379,N,391  ,1,0,0,1,0,0
3g8yA,  380,E,391  ,1,0,0,1,0,0
3g8yA,  381,L,391  ,1,0,0,1,0,0
3g8yA,  382,V,391  ,1,0,0,1,0,0
3g8yA,  383,I,391  ,1,0,0,1,0,0
3g8yA,  384,P,391  ,1,0,0,1,0,0
3g8yA,  385,W,391  ,1,0,0,1,0,0
3g8yA,  386,L,391  ,1,0,0,1,0,0
3g8yA,  387,R,391  ,1,0,0,1,0,0
3g8yA,  388,K,391  ,1,0,0,1,0,0
3g8yA,  389,V,391  ,1,0,0,1,0,0
3g8yA,  390,L,391  ,1,0,0,1,0,0
3g8yA,  391,K,391  ,1,0,0,0,0,1
3c57A,   27,G,51   ,0,0,1,0,0,1
3c57A,   28,L,51   ,0,0,1,0,0,1
3c57A,   29,T,51   ,1,0,0,0,0,1
3c57A,   30,D,51   ,1,0,0,1,0,0
3c57A,   31,Q,51   ,1,0,0,1,0,0
3c57A,   32,E,51   ,1,0,0,1,0,0
3c57A,   33,R,51   ,1,0,0,1,0,0
3c57A,   34,T,51   ,1,0,0,1,0,0
3c57A,   35,L,51   ,1,0,0,1,0,0
3c57A,   36,L,51   ,1,0,0,1,0,0
3c57A,   37,G,51   ,1,0,0,1,0,0
3c57A,   38,L,51   ,1,0,0,1,0,0
3c57A,   39,L,51   ,1,0,0,1,0,0
3c57A,   40,S,51   ,1,0,0,1,0,0
3c57A,   41,E,51   ,1,0,0,1,0,0
3c57A,   42,G,51   ,1,0,0,0,0,1
3c57A,   43,L,51   ,0,0,1,0,0,1
3c57A,   44,T,51   ,1,0,0,0,0,1
3c57A,   45,N,51   ,1,0,0,1,0,0
3c57A,   46,K,51   ,1,0,0,1,0,0
3c57A,   47,Q,51   ,1,0,0,1,0,0
3c57A,   48,I,51   ,1,0,0,1,0,0
3c57A,   49,A,51   ,1,0,0,1,0,0
3c57A,   50,D,51   ,1,0,0,1,0,0
3c57A,   51,R,51   ,1,0,0,1,0,0
3c57A,   52,M,51   ,1,0,0,1,0,0
3c57A,   53,F,51   ,1,0,0,0,0,1
3c57A,   54,L,51   ,0,0,1,0,0,1
3c57A,   55,A,51   ,1,0,0,0,0,1
3c57A,   56,E,51   ,1,0,0,1,0,0
3c57A,   57,K,51   ,1,0,0,1,0,0
3c57A,   58,T,51   ,1,0,0,1,0,0
3c57A,   59,V,51   ,1,0,0,1,0,0
3c57A,   60,K,51   ,1,0,0,1,0,0
3c57A,   61,N,51   ,1,0,0,1,0,0
3c57A,   62,Y,51   ,1,0,0,1,0,0
3c57A,   63,V,51   ,1,0,0,1,0,0
3c57A,   64,S,51   ,1,0,0,1,0,0
3c57A,   65,R,51   ,1,0,0,1,0,0
3c57A,   66,L,51   ,1,0,0,1,0,0
3c57A,   67,L,51   ,1,0,0,1,0,0
3c57A,   68,A,51   ,1,0,0,1,0,0
3c57A,   69,K,51   ,1,0,0,1,0,0
3c57A,   70,L,51   ,1,0,0,1,0,0
3c57A,   71,G,51   ,1,0,0,1,0,0
3c57A,   72,M,51   ,1,0,0,0,0,1
3c57A,   73,E,51   ,1,0,0,0,0,1
3c57A,   74,R,51   ,0,0,1,0,0,1
3c57A,   75,R,51   ,0,0,1,0,0,1
3c57A,   76,T,51   ,0,0,1,0,0,1
3c57A,   77,Q,51   ,0,0,1,0,0,1
